job_id,title,company,location,industry_category,anzsco_code,employment_type,salary_range,salary_min,salary_max,key_requirements,description,source_platform,posting_url,date_posted
adzuna_5901612689,Registered Nurse,East Bridge Recruitment,"Sydney, Sydney Region",Healthcare & Nursing,ANZSCO 254411 (Registered Nurse),Full-time,$74 - $152 AUD,74,152,"Regional & Remote Aged Care Registered Nurses – Australia Wide Take your nursing career further with regional and remote opportunities across Australia | We are currently seeking experienced Registered Nurses (RNs) for agency opportunities in regional and remote aged care facilities Australia-wide | If you're looking for a change of scenery, flexible work, competitive rates and the opportunity to make a real difference in communities across Australia, we'd love to hear from you | What we're lookin…","Regional & Remote Aged Care Registered Nurses – Australia Wide Take your nursing career further with regional and remote opportunities across Australia. We are currently seeking experienced Registered Nurses (RNs) for agency opportunities in regional and remote aged care facilities Australia-wide. If you're looking for a change of scenery, flexible work, competitive rates and the opportunity to make a real difference in communities across Australia, we'd love to hear from you. What we're lookin…",SEEK / Indeed (via Adzuna AU),https://www.adzuna.com.au/details/5901612689?utm_medium=api&utm_source=e53715ce,2026-09-28T23:37:35Z
adzuna_5873902733,Registered Nurse,Healthscope,"The Rocks, Sydney",Healthcare & Nursing,ANZSCO 254411 (Registered Nurse),Full-time,"$83,740 - $117,603 AUD",83740,117603,"Registered Nurse Experienced, Caring, Patient Focused and a Self-Starter | Do these characteristics describe you? Supportive Management team Commitment to Quality Patient Care Part time / Full time roles available Free on-site parking North Turramurra location About the role: Lady Davidson Private Hospital has opportunities for Registered Nurses with 4 years' experience who are looking to take the next step in their career | You will play a key role in delivering exceptional patient care within a…","Registered Nurse Experienced, Caring, Patient Focused and a Self-Starter. Do these characteristics describe you? Supportive Management team Commitment to Quality Patient Care Part time / Full time roles available Free on-site parking North Turramurra location About the role: Lady Davidson Private Hospital has opportunities for Registered Nurses with 4 years' experience who are looking to take the next step in their career. You will play a key role in delivering exceptional patient care within a…",SEEK / Indeed (via Adzuna AU),https://www.adzuna.com.au/details/5873902733?utm_medium=api&utm_source=e53715ce,2026-09-07T18:45:11Z
adzuna_5895467512,Registered Nurse,Healthscope,"The Rocks, Sydney",Healthcare & Nursing,ANZSCO 254411 (Registered Nurse),Full-time,Market Competitive (AUD),,,"Registered Nurse | Paediatric & Adult Surgical Ward Norwest Private Hospital | Bella Vista, NSW Join a supportive and dynamic nursing team where your expertise makes a real difference to the lives of children, adults, and their families | At Norwest Private Hospital, we are seeking experienced Registered Nurses with a background in Paediatric Nursing and Adult Surgical Nursing who are passionate about delivering exceptional patient care and achieving outstanding clinical outcomes","Registered Nurse | Paediatric & Adult Surgical Ward Norwest Private Hospital | Bella Vista, NSW Join a supportive and dynamic nursing team where your expertise makes a real difference to the lives of children, adults, and their families. At Norwest Private Hospital, we are seeking experienced Registered Nurses with a background in Paediatric Nursing and Adult Surgical Nursing who are passionate about delivering exceptional patient care and achieving outstanding clinical outcomes. Why Join Us? ✅…",SEEK / Indeed (via Adzuna AU),https://www.adzuna.com.au/details/5895467512?utm_medium=api&utm_source=e53715ce,2026-09-24T03:06:31Z
adzuna_5887141483,Registered Nurse,Healthscope,"Sydney, Sydney Region",Healthcare & Nursing,ANZSCO 254411 (Registered Nurse),Full-time,Market Competitive (AUD),,,"Registered Nurse Experienced, Caring, Patient Focused and a Self-Starter | Do these characteristics describe you? Supportive Management team Commitment to Quality Patient Care Part time / Full time roles available Free on-site parking North Turramurra location About the role: Lady Davidson Private Hospital has opportunities for Registered Nurses with 4 years' experience who are looking to take the next step in their career | You will play a key role in delivering exceptional patient care within a…","Registered Nurse Experienced, Caring, Patient Focused and a Self-Starter. Do these characteristics describe you? Supportive Management team Commitment to Quality Patient Care Part time / Full time roles available Free on-site parking North Turramurra location About the role: Lady Davidson Private Hospital has opportunities for Registered Nurses with 4 years' experience who are looking to take the next step in their career. You will play a key role in delivering exceptional patient care within a…",SEEK / Indeed (via Adzuna AU),https://www.adzuna.com.au/details/5887141483?utm_medium=api&utm_source=e53715ce,2026-09-17T14:16:49Z
adzuna_5898020670,Registered Nurse,Healthscope,"Sydney, Sydney Region",Healthcare & Nursing,ANZSCO 254411 (Registered Nurse),Full-time,Market Competitive (AUD),,,"Registered Nurse | Paediatric & Adult Surgical Ward Norwest Private Hospital | Bella Vista, NSW Join a supportive and dynamic nursing team where your expertise makes a real difference to the lives of children, adults, and their families | At Norwest Private Hospital, we are seeking experienced Registered Nurses with a background in Paediatric Nursing and Adult Surgical Nursing who are passionate about delivering exceptional patient care and achieving outstanding clinical outcomes","Registered Nurse | Paediatric & Adult Surgical Ward Norwest Private Hospital | Bella Vista, NSW Join a supportive and dynamic nursing team where your expertise makes a real difference to the lives of children, adults, and their families. At Norwest Private Hospital, we are seeking experienced Registered Nurses with a background in Paediatric Nursing and Adult Surgical Nursing who are passionate about delivering exceptional patient care and achieving outstanding clinical outcomes. Why Join Us? ✅…",SEEK / Indeed (via Adzuna AU),https://www.adzuna.com.au/details/5898020670?utm_medium=api&utm_source=e53715ce,2026-09-25T17:28:10Z
adzuna_5879982761,Clinical Care Coordinator,Healthcare Australia,"Melbourne, Melbourne Region",Healthcare & Nursing,ANZSCO 254499 (Nurse / Healthcare Coordinator),Full-time,"$122,000 - $122,000 AUD",122000,122000,"Clinical Care Coordinator Melbourne’s Eastern Suburbs This is an excellent opportunity to join a values-led provider where clinical standards, resident dignity and staff development are genuinely prioritised | Our Client is an established, community-focused aged care provider with a strong reputation for delivering compassionate, person-centred care | With experienced senior leadership, established nursing teams and support from a central Quality function, the organisation provides its clinical l…","Clinical Care Coordinator Melbourne’s Eastern Suburbs This is an excellent opportunity to join a values-led provider where clinical standards, resident dignity and staff development are genuinely prioritised. Our Client is an established, community-focused aged care provider with a strong reputation for delivering compassionate, person-centred care. With experienced senior leadership, established nursing teams and support from a central Quality function, the organisation provides its clinical l…",SEEK / Indeed (via Adzuna AU),https://www.adzuna.com.au/details/5879982761?utm_medium=api&utm_source=e53715ce,2026-09-12T02:30:00Z
adzuna_5903345472,Clinical Care Coordinator,ELMO HR & Payroll,"Melbourne, Melbourne Region",Healthcare & Nursing,ANZSCO 254499 (Nurse / Healthcare Coordinator),Full-time,Market Competitive (AUD),,,"Introduction Great People | Excellent Healthcare DPV Health is a leading healthcare service provider delivering a wide variety of clinical, community health and wellbeing services across Melbourne’s northern growth corridor | DPV Health has been awarded the Premier’s Primary Healthcare Service of the Year in 2023 & 2024 | Our People are the foundation of DPV Health; they are what make our organisation thrive and the ones who create meaningful change in people's lives","Introduction Great People. Great Careers. Excellent Healthcare DPV Health is a leading healthcare service provider delivering a wide variety of clinical, community health and wellbeing services across Melbourne’s northern growth corridor. DPV Health has been awarded the Premier’s Primary Healthcare Service of the Year in 2023 & 2024. Our People are the foundation of DPV Health; they are what make our organisation thrive and the ones who create meaningful change in people's lives. Over 700 profe…",SEEK / Indeed (via Adzuna AU),https://www.adzuna.com.au/details/5903345472?utm_medium=api&utm_source=e53715ce,2026-09-30T12:47:45Z
adzuna_5887149380,"Register with Us | RNs, Clinical Leaders, Care Managers & Facility Managers",Nurse Generation,"Melbourne, Melbourne Region",Healthcare & Nursing,ANZSCO 254499 (Nurse / Healthcare Coordinator),Full-time,Market Competitive (AUD),,,"Location: Opportunities across Australia Work Types: Permanent | Contract | Casual | Short-term Placements Nurse Generation is a trusted recruitment partner to leading aged care providers across Australia | Our team specialises in connecting high-quality healthcare professionals with rewarding opportunities Australia wide | Whether you're ready for a new challenge now or planning your next move in the coming months, we want to hear from you | Who We’re Looking For We are currently seeking expressi…","Location: Opportunities across Australia Work Types: Permanent | Contract | Casual | Short-term Placements Nurse Generation is a trusted recruitment partner to leading aged care providers across Australia. Our team specialises in connecting high-quality healthcare professionals with rewarding opportunities Australia wide. Whether you're ready for a new challenge now or planning your next move in the coming months, we want to hear from you. Who We’re Looking For We are currently seeking expressi…",SEEK / Indeed (via Adzuna AU),https://www.adzuna.com.au/details/5887149380?utm_medium=api&utm_source=e53715ce,2026-09-17T14:18:11Z
adzuna_5904130363,Clinical Care Manager,Healthcare Australia,"Melbourne, Melbourne Region",Healthcare & Nursing,ANZSCO 254499 (Nurse / Healthcare Coordinator),Full-time,Market Competitive (AUD),,,"Clinical Care Manager We have a number of exciting Clinical Care Manager / Coordinator positions across regional Victoria | This is an excellent opportunity for motivated leaders who are prepared to move beyond coordination and into true operational leadership | This is your opportunity to step up, take ownership, and drive excellence in care delivery and compliance | If you’re currently working as a Clinical Care Manager, Clinical Services Manager, Clinical Coordinator, Nurse Unit Manager, After …","Clinical Care Manager We have a number of exciting Clinical Care Manager / Coordinator positions across regional Victoria. This is an excellent opportunity for motivated leaders who are prepared to move beyond coordination and into true operational leadership. This is your opportunity to step up, take ownership, and drive excellence in care delivery and compliance. If you’re currently working as a Clinical Care Manager, Clinical Services Manager, Clinical Coordinator, Nurse Unit Manager, After …",SEEK / Indeed (via Adzuna AU),https://www.adzuna.com.au/details/5904130363?utm_medium=api&utm_source=e53715ce,2026-10-01T03:03:54Z
adzuna_5888023700,Nurse in Charge,Mercy Aged and Community Care Ltd,"Parkville, Melbourne",Healthcare & Nursing,ANZSCO 254499 (Nurse / Healthcare Coordinator),Full-time,Market Competitive (AUD),,,"Employment Type: Permanent part time Hours: Night Shift Location : Mercy Place Parkville, 1 Willam Street, Parkville Victoria 3052 Upload with Application: Resume, cover letter, and all relevant qualifications Contact: Rajshree Bastianpillai | bastianpilr@mercy | au Where there’s life, there’s Mercy | Where there’s care, there’s You | Through the battles and the breakthroughs, we're there","Employment Type: Permanent part time Hours: Night Shift Location : Mercy Place Parkville, 1 Willam Street, Parkville Victoria 3052 Upload with Application: Resume, cover letter, and all relevant qualifications Contact: Rajshree Bastianpillai | bastianpilr@mercy.com.au Where there’s life, there’s Mercy. Where there’s care, there’s You. Through the battles and the breakthroughs, we're there. Where will you be? For over a century, our incredible teams have provided care for people when they need i…",SEEK / Indeed (via Adzuna AU),https://www.adzuna.com.au/details/5888023700?utm_medium=api&utm_source=e53715ce,2026-09-18T02:56:59Z
adzuna_5910308509,Financial Accountant,Sharp & Carter,"Melbourne, Melbourne Region",Finance & Accounting,ANZSCO 221111 (Accountant),Full-time,"$100,000 - $100,000 AUD",100000,100000,"Our client is seeking a driven and high-performing Financial Accountant to join one of Australia’s most iconic brands | Starting ASAP for a six month temp assignment, this role will have direct exposure to the Senior Leadership Team, this role plays a key part in delivering commercial insights and driving performance across the business | As the Financial Accountant, trusted finance partner to key stakeholders and contribute across a range of strategic and operational priorities, including: Actin…","Our client is seeking a driven and high-performing Financial Accountant to join one of Australia’s most iconic brands. Starting ASAP for a six month temp assignment, this role will have direct exposure to the Senior Leadership Team, this role plays a key part in delivering commercial insights and driving performance across the business. As the Financial Accountant, trusted finance partner to key stakeholders and contribute across a range of strategic and operational priorities, including: Actin…",SEEK / Indeed (via Adzuna AU),https://www.adzuna.com.au/details/5910308509?utm_medium=api&utm_source=e53715ce,2026-10-04T03:45:04Z
adzuna_5892828964,Financial Accountant,Atlas Partners,"Melbourne, Melbourne Region",Finance & Accounting,ANZSCO 221111 (Accountant),Full-time,"$120,000 - $130,000 AUD",120000,130000,"This newly created position sits within the finance function of a large, privately owned Australian organisation with a complex group structure | Reporting to the Financial Reporting Manager, and working closely with a Senior Financial Accountant and a growing team, it offers a strong first or second move for someone coming out of a Big 4 or mid-tier audit background | The Role You'll be responsible for delivering accurate, compliant and timely statutory financial reporting across the group, whil…","This newly created position sits within the finance function of a large, privately owned Australian organisation with a complex group structure. Reporting to the Financial Reporting Manager, and working closely with a Senior Financial Accountant and a growing team, it offers a strong first or second move for someone coming out of a Big 4 or mid-tier audit background. The Role You'll be responsible for delivering accurate, compliant and timely statutory financial reporting across the group, whil…",SEEK / Indeed (via Adzuna AU),https://www.adzuna.com.au/details/5892828964?utm_medium=api&utm_source=e53715ce,2026-09-21T23:17:52Z
adzuna_5895448180,Financial Accountant,Sharp & Carter,"Melbourne, Melbourne Region",Finance & Accounting,ANZSCO 221111 (Accountant),Full-time,"$100,000 - $110,000 AUD",100000,110000,"The Opportunity Reporting directly to the Financial Controller, you'll take ownership of the day-to-day finance function and become a trusted business partner to operational leaders | End-to-end month-end reporting and management accounts Budgeting, forecasting and variance analysis Balance sheet reconciliations and financial controls BAS, FBT, payroll tax and statutory compliance Cash flow management and working capital Supporting audits and board reporting Improving finance processes and syste…","The Opportunity Reporting directly to the Financial Controller, you'll take ownership of the day-to-day finance function and become a trusted business partner to operational leaders. End-to-end month-end reporting and management accounts Budgeting, forecasting and variance analysis Balance sheet reconciliations and financial controls BAS, FBT, payroll tax and statutory compliance Cash flow management and working capital Supporting audits and board reporting Improving finance processes and syste…",SEEK / Indeed (via Adzuna AU),https://www.adzuna.com.au/details/5895448180?utm_medium=api&utm_source=e53715ce,2026-09-24T02:51:36Z
adzuna_5887136728,Financial Accountant,DBG Health,"Melbourne, Melbourne Region",Finance & Accounting,ANZSCO 221111 (Accountant),Full-time,Market Competitive (AUD),,,"04th September, 2026 About DBG Health: At DBG Health, we are Defined by Good | Guided by a simple but powerful purpose: to create a world where feeling better is a right, not a privilege | Every day, millions of people rely on us for access to affordable, innovative health, wellness, and beauty solutions that make a genuine impact | Headquartered in Melbourne, we are a global-scale, privately owned organisation, powered by over 1,500 passionate professionals, united by a mission to help people fee…","04th September, 2026 About DBG Health: At DBG Health, we are Defined by Good. Guided by a simple but powerful purpose: to create a world where feeling better is a right, not a privilege. Every day, millions of people rely on us for access to affordable, innovative health, wellness, and beauty solutions that make a genuine impact. Headquartered in Melbourne, we are a global-scale, privately owned organisation, powered by over 1,500 passionate professionals, united by a mission to help people fee…",SEEK / Indeed (via Adzuna AU),https://www.adzuna.com.au/details/5887136728?utm_medium=api&utm_source=e53715ce,2026-09-17T14:16:12Z
adzuna_5887136228,Finance Accountant,Pact Group,"Melbourne, Melbourne Region",Finance & Accounting,ANZSCO 221111 (Accountant),Full-time,Market Competitive (AUD),,,"Job Description About this opportunity We have an exciting opportunity for a Financial Accountant to join our Finance team, supporting the accounting, reporting and financial control activities for our Pooling businesses across Australia and New Zealand | This role will suit an accountant with practical experience who is looking to continue building their technical and commercial capability, while working closely with the Commercial Finance Manager and a broad range of internal stakeholders","Job Description About this opportunity We have an exciting opportunity for a Financial Accountant to join our Finance team, supporting the accounting, reporting and financial control activities for our Pooling businesses across Australia and New Zealand. This role will suit an accountant with practical experience who is looking to continue building their technical and commercial capability, while working closely with the Commercial Finance Manager and a broad range of internal stakeholders. It …",SEEK / Indeed (via Adzuna AU),https://www.adzuna.com.au/details/5887136228?utm_medium=api&utm_source=e53715ce,2026-09-17T14:16:09Z
adzuna_5873572757,IT Auditor,Talenza,"Sydney, Sydney Region",Finance & Accounting,ANZSCO 221211 (Auditor),Full-time,"$110,000 - $130,000 AUD",110000,130000,"We're seeking a Technology Auditor to support the delivery of high-quality technology-focused internal audits across cybersecurity, infrastructure, systems, and data | This role provides independent assurance over the effectiveness of technology governance, risk management, and control environments, helping the organisation meet regulatory and governance obligations (including APRA prudential standards) while uplifting control maturity and operational resilience | What you'll be doing Support end…","We're seeking a Technology Auditor to support the delivery of high-quality technology-focused internal audits across cybersecurity, infrastructure, systems, and data. This role provides independent assurance over the effectiveness of technology governance, risk management, and control environments, helping the organisation meet regulatory and governance obligations (including APRA prudential standards) while uplifting control maturity and operational resilience. What you'll be doing Support end…",SEEK / Indeed (via Adzuna AU),https://www.adzuna.com.au/details/5873572757?utm_medium=api&utm_source=e53715ce,2026-09-07T12:05:07Z
adzuna_5896261713,Night Auditor,Travel + Leisure Co.,"Sydney, Sydney Region",Finance & Accounting,ANZSCO 221211 (Auditor),Full-time,Market Competitive (AUD),,,"We Put the World on Vacation Travel Leisure Co | is the world's leading vacation ownership and travel membership company, with a dynamic and growing portfolio of resort, travel club, and lifestyle travel brands | Our dedicated associates help the company achieve its mission to put the world on vacation | Innovation and growth keep our work interesting and fun","We Put the World on Vacation Travel Leisure Co. is the world's leading vacation ownership and travel membership company, with a dynamic and growing portfolio of resort, travel club, and lifestyle travel brands. Our dedicated associates help the company achieve its mission to put the world on vacation. Innovation and growth keep our work interesting and fun. Every day is a chance to learn something new and turn vacation inspiration into exceptional experiences for millions of travelers worldwid…",SEEK / Indeed (via Adzuna AU),https://www.adzuna.com.au/land/ad/5896261713?se=RI6G156_8RGN96JAzfykhw&utm_medium=api&utm_source=e53715ce&v=467BB785D0A9D721DCF6CA3EB56CBC565B0D5B31,2026-09-24T14:30:55Z
adzuna_5903384479,External Auditor,PwC Australia,"Sydney, Sydney Region",Finance & Accounting,ANZSCO 221211 (Auditor),Full-time,Market Competitive (AUD),,,"Line of Service Assurance Industry/Sector Not Applicable Specialism Assurance Management Level Manager Job Description & Summary Location: This role could be based out of any of our PwC offices in Australia About us At PwC Australia, we’re looking for experienced External Auditors to join our vast community of solvers | As an External Auditor, you’ll play a vital role in bringing our purpose to life by helping clients enhance financial performance and operations, gaining an understanding of the …","Line of Service Assurance Industry/Sector Not Applicable Specialism Assurance Management Level Manager Job Description & Summary Location: This role could be based out of any of our PwC offices in Australia About us At PwC Australia, we’re looking for experienced External Auditors to join our vast community of solvers. As an External Auditor, you’ll play a vital role in bringing our purpose to life by helping clients enhance financial performance and operations, gaining an understanding of the …",SEEK / Indeed (via Adzuna AU),https://www.adzuna.com.au/details/5903384479?utm_medium=api&utm_source=e53715ce,2026-09-30T12:51:03Z
adzuna_5897879240,Night Auditor,Marriott,"Sydney, Sydney Region",Finance & Accounting,ANZSCO 221211 (Auditor),Full-time,Market Competitive (AUD),,,"Additional Information Job Number 26122983 Job Category Rooms & Guest Services Operations Location 88 Broadway, Hotel entrance via 4 Central Park Avenue Chippendale, Sydney New S 2008, Australia VIEW ON MAP (https://www | com/maps?q=88%20Broadway%2C%20Hotel%20entrance%20via%204%20Central%20Park%20Avenue%20Chippendale%2C%20Sydney%20New%20S%202008%2C%20Australia) Schedule Full Time Located Remotely? N Position Type Non-Management POSITION SUMMARY Four Points by Sheraton - where timeless clas…","Additional Information Job Number 26122983 Job Category Rooms & Guest Services Operations Location 88 Broadway, Hotel entrance via 4 Central Park Avenue Chippendale, Sydney New S 2008, Australia VIEW ON MAP (https://www.google.com/maps?q=88%20Broadway%2C%20Hotel%20entrance%20via%204%20Central%20Park%20Avenue%20Chippendale%2C%20Sydney%20New%20S%202008%2C%20Australia) Schedule Full Time Located Remotely? N Position Type Non-Management POSITION SUMMARY Four Points by Sheraton - where timeless clas…",SEEK / Indeed (via Adzuna AU),https://www.adzuna.com.au/land/ad/5897879240?se=RI6G156_8RGN96JAzfykhw&utm_medium=api&utm_source=e53715ce&v=5636CD4A31C786E49AA743E3B00C04FF9C8AF2AE,2026-09-25T14:39:48Z
adzuna_5900158628,Night Auditor,Tfe Hotels,"Sydney CBD, Sydney",Finance & Accounting,ANZSCO 221211 (Auditor),Full-time,Market Competitive (AUD),,,"Are you a jack (or jill) of all hospitality trades? As Night Auditor at Vibe Hotel Darling Harbour you’ll be the unsung hero | When most of the world is asleep, is when you’re the most productive | You’re a people person in every sense of the word – you can anticipate the needs of a late-night check-in or lend a compassionate ear to a jet-lagged traveller | You’re the first line of defence for any safety breach and when the unexpected occurs, from a computer crash to a medical emergency, you’re as…","Are you a jack (or jill) of all hospitality trades? As Night Auditor at Vibe Hotel Darling Harbour you’ll be the unsung hero. When most of the world is asleep, is when you’re the most productive. You’re a people person in every sense of the word – you can anticipate the needs of a late-night check-in or lend a compassionate ear to a jet-lagged traveller. You’re the first line of defence for any safety breach and when the unexpected occurs, from a computer crash to a medical emergency, you’re as…",SEEK / Indeed (via Adzuna AU),https://www.adzuna.com.au/details/5900158628?utm_medium=api&utm_source=e53715ce,2026-09-27T11:14:17Z
adzuna_5874143684,Marketing Specialist,Talent Connect Australia,"Sydney, Sydney Region",Marketing & Communications,ANZSCO 225113 (Marketing Specialist),Full-time,$40 - $50 AUD,40,50,"Marketing Specialist Part-time opportunity: 1–2 days per week, based in the Sydney CBD office | Join Talent Connect Australia in a newly created marketing role with genuine scope for creativity and ownership | Help attract, engage and retain clients, candidates and consultants while strengthening the brand and supporting business growth Salary: $40-$50 per hour super Additional Benefits Genuine opportunity to shape the marketing function and make the role your own | Work closely with recruitment …","Marketing Specialist Part-time opportunity: 1–2 days per week, based in the Sydney CBD office. Join Talent Connect Australia in a newly created marketing role with genuine scope for creativity and ownership. Help attract, engage and retain clients, candidates and consultants while strengthening the brand and supporting business growth Salary: $40-$50 per hour super Additional Benefits Genuine opportunity to shape the marketing function and make the role your own. Work closely with recruitment …",SEEK / Indeed (via Adzuna AU),https://www.adzuna.com.au/details/5874143684?utm_medium=api&utm_source=e53715ce,2026-09-07T23:42:34Z
adzuna_5903344355,Marketing Specialist,Diadem,"Sydney, Sydney Region",Marketing & Communications,ANZSCO 225113 (Marketing Specialist),Full-time,Market Competitive (AUD),,,"Job Title: Marketing Specialist At Diadem, we specialize in providing innovative and cutting-edge digital solutions to help businesses thrive in the digital world | We are currently seeking a motivated and passionate Marketing Specialist to join our team and help us drive our brand to new heights | As our Marketing Specialist, you will be responsible for executing effective marketing strategies that enhance our brand perception, increase our sales and build strong relationships with our customers…","Job Title: Marketing Specialist At Diadem, we specialize in providing innovative and cutting-edge digital solutions to help businesses thrive in the digital world. We are currently seeking a motivated and passionate Marketing Specialist to join our team and help us drive our brand to new heights. As our Marketing Specialist, you will be responsible for executing effective marketing strategies that enhance our brand perception, increase our sales and build strong relationships with our customers…",SEEK / Indeed (via Adzuna AU),https://www.adzuna.com.au/details/5903344355?utm_medium=api&utm_source=e53715ce,2026-09-30T12:47:40Z
adzuna_5890586728,Marketing Specialist,Atlas Talents,"Sydney, Sydney Region",Marketing & Communications,ANZSCO 225113 (Marketing Specialist),Full-time,Market Competitive (AUD),,,"17th September, 2026 Located in Paddington NSW 2021, Barbetta is an Italian hospitality business offering dine-in services alongside functions, catering, masterclasses and a range of retail products and gift offerings | Barbetta is currently seeking an experienced Marketing Specialist to develop, coordinate and implement marketing activities that promote the business, its services, events and product offerings | Key Responsibilities Planning, developing and coordinating marketing campaigns to pro…","17th September, 2026 Located in Paddington NSW 2021, Barbetta is an Italian hospitality business offering dine-in services alongside functions, catering, masterclasses and a range of retail products and gift offerings. Barbetta is currently seeking an experienced Marketing Specialist to develop, coordinate and implement marketing activities that promote the business, its services, events and product offerings. Key Responsibilities Planning, developing and coordinating marketing campaigns to pro…",SEEK / Indeed (via Adzuna AU),https://www.adzuna.com.au/details/5890586728?utm_medium=api&utm_source=e53715ce,2026-09-19T21:22:32Z
adzuna_5650862336,Marketing Specialist,Premiere Advisory Group Pty Ltd,"Sydney CBD, Sydney",Marketing & Communications,ANZSCO 225113 (Marketing Specialist),Full-time,"$90,000 - $100,000 AUD",90000,100000,"About Us Premiere Advisory GROUP PTY | is a Sydney-based financial specialist firm | We deliver tailored, all-in-one financial planning - from investment strategies and superannuation to cash-flow management and personal insurance | With a strong referral network of specialists, we pride ourselves on fostering genuine, long-term partnerships to help clients achieve their unique financial goals","About Us Premiere Advisory GROUP PTY. LTD. is a Sydney-based financial specialist firm. We deliver tailored, all-in-one financial planning - from investment strategies and superannuation to cash-flow management and personal insurance. With a strong referral network of specialists, we pride ourselves on fostering genuine, long-term partnerships to help clients achieve their unique financial goals. The Role You will play a central role in driving the company’s marketing function, supporting the d…",SEEK / Indeed (via Adzuna AU),https://www.adzuna.com.au/details/5650862336?utm_medium=api&utm_source=e53715ce,2026-03-02T14:49:33Z
adzuna_5882727743,Marketing Specialist,Falling Water Dreams,"Sydney, Sydney Region",Marketing & Communications,ANZSCO 225113 (Marketing Specialist),Full-time,Market Competitive (AUD),,,"Do you have experience or a strong interest in marketing or social media? This is an exciting opportunity for someone who thrives in a self-managed environment and is eager to grow personally and professionally and be part of a purpose-driven global business | About Us Falling Water Dreams is a growing company partnered with a well-established global organization | Since 1998, our training products have supported people from all backgrounds to grow professionally and personally | We deliver online…","Do you have experience or a strong interest in marketing or social media? This is an exciting opportunity for someone who thrives in a self-managed environment and is eager to grow personally and professionally and be part of a purpose-driven global business. About Us Falling Water Dreams is a growing company partnered with a well-established global organization. Since 1998, our training products have supported people from all backgrounds to grow professionally and personally. We deliver online…",SEEK / Indeed (via Adzuna AU),https://www.adzuna.com.au/details/5882727743?utm_medium=api&utm_source=e53715ce,2026-09-14T01:42:10Z
adzuna_5896113586,Digital Marketing & Communications Lead,Forum Recruitment,"Melbourne CBD, Melbourne",Marketing & Communications,ANZSCO 225111 (Advertising & Marketing Specialist),Full-time,"$110,000 - $120,000 AUD",110000,120000,"About the company Forum Recruitment is proud to partner with this large scale international Facilities Management and Workplace Experience provider | With a strong focus on people, partnerships and delivering meaningful outcomes, the organisation continues to strengthen its brand, reputation and engagement while supporting ongoing growth | About the role This is an exciting opportunity for an experienced Marketing & Communications Lead to shape and deliver integrated marketing and communications …","About the company Forum Recruitment is proud to partner with this large scale international Facilities Management and Workplace Experience provider. With a strong focus on people, partnerships and delivering meaningful outcomes, the organisation continues to strengthen its brand, reputation and engagement while supporting ongoing growth. About the role This is an exciting opportunity for an experienced Marketing & Communications Lead to shape and deliver integrated marketing and communications …",SEEK / Indeed (via Adzuna AU),https://www.adzuna.com.au/details/5896113586?utm_medium=api&utm_source=e53715ce,2026-09-24T12:10:03Z
adzuna_5906848725,Digital Marketing & Communications Specialist,Kinetic,"Melbourne, Melbourne Region",Marketing & Communications,ANZSCO 225111 (Advertising & Marketing Specialist),Full-time,Market Competitive (AUD),,,"Kinetic is looking for a proactive and commercially minded Digital Communications & Marketing Specialist to join our External Communications team | If you thrive in a dynamic work environment and enjoys taking ownership, this could be the next step in your career | You will lead digital and marketing activity that strengthens the Kinetic brand, supports commercial priorities and improves engagement with customers and stakeholders | From managing websites and social media channels to delivering tar…","Kinetic is looking for a proactive and commercially minded Digital Communications & Marketing Specialist to join our External Communications team. If you thrive in a dynamic work environment and enjoys taking ownership, this could be the next step in your career. You will lead digital and marketing activity that strengthens the Kinetic brand, supports commercial priorities and improves engagement with customers and stakeholders. From managing websites and social media channels to delivering tar…",SEEK / Indeed (via Adzuna AU),https://www.adzuna.com.au/details/5906848725?utm_medium=api&utm_source=e53715ce,2026-10-02T12:17:58Z
adzuna_5906833779,"Marketing Specialist Paid Media, Head Office",Delaware North,"Melbourne, Melbourne Region",Marketing & Communications,ANZSCO 225111 (Advertising & Marketing Specialist),Full-time,Market Competitive (AUD),,,"The opportunity Delaware North Australia is seeking a full-time Marketing Specialist, Paid Media to join our Head Office team in Docklands, Melbourne | This is an exciting opportunity for a data-driven digital marketer who thrives on delivering measurable results | Working across a diverse portfolio of iconic destinations, venues and experiences, you'll lead integrated digital marketing initiatives spanning paid search, paid social, SEO and organic social, helping connect customers with unforgett…","The opportunity Delaware North Australia is seeking a full-time Marketing Specialist, Paid Media to join our Head Office team in Docklands, Melbourne. This is an exciting opportunity for a data-driven digital marketer who thrives on delivering measurable results. Working across a diverse portfolio of iconic destinations, venues and experiences, you'll lead integrated digital marketing initiatives spanning paid search, paid social, SEO and organic social, helping connect customers with unforgett…",SEEK / Indeed (via Adzuna AU),https://www.adzuna.com.au/details/5906833779?utm_medium=api&utm_source=e53715ce,2026-10-02T12:15:04Z
adzuna_5854382665,GM of Merchandise,Jivaro,"Melbourne, Melbourne Region",Marketing & Communications,ANZSCO 225111 (Advertising & Marketing Specialist),Full-time,"$200,000 - $240,000 AUD",200000,240000,"Newly created opportunity has arisen for an accomplished GM Merchandise to join a highly successful and evolving retail business | This is a senior leadership role with broad responsibility for shaping the commercial, customer and product strategy of the business | Working closely with the executive leadership team, you will lead the Merchandise function and oversee the development and execution of strategies across Buying, Merchandise Planning, Trading and Marketing | We are looking for an inspir…","Newly created opportunity has arisen for an accomplished GM Merchandise to join a highly successful and evolving retail business. This is a senior leadership role with broad responsibility for shaping the commercial, customer and product strategy of the business. Working closely with the executive leadership team, you will lead the Merchandise function and oversee the development and execution of strategies across Buying, Merchandise Planning, Trading and Marketing. We are looking for an inspir…",SEEK / Indeed (via Adzuna AU),https://www.adzuna.com.au/details/5854382665?utm_medium=api&utm_source=e53715ce,2026-08-24T23:43:00Z
adzuna_5898406155,Digital Marketing Officer,University of Melbourne,"Parkville, Melbourne",Marketing & Communications,ANZSCO 225111 (Advertising & Marketing Specialist),Full-time,"$100,847 - $109,163 AUD",100847,109163,"Role type: Full-time; Fixed-Term 2 years Department: Melbourne Entrepreneurial Centre Salary : UOM 6 $100,847 - $109,163 p | plus 17% super Shape digital marketing for a leading entrepreneurial hub / work at Melbourne Connect innovation precinct / collaborate across start-up, research and enterprise communities | Apply now to lead data-driven digital campaigns that grow MEC’s programs, ventures and entrepreneurial community | Investing in you – 17% superannuation, benefits package including sala…","Role type: Full-time; Fixed-Term 2 years Department: Melbourne Entrepreneurial Centre Salary : UOM 6 $100,847 - $109,163 p.a. plus 17% super Shape digital marketing for a leading entrepreneurial hub / work at Melbourne Connect innovation precinct / collaborate across start-up, research and enterprise communities. Apply now to lead data-driven digital campaigns that grow MEC’s programs, ventures and entrepreneurial community. Investing in you – 17% superannuation, benefits package including sala…",SEEK / Indeed (via Adzuna AU),https://www.adzuna.com.au/details/5898406155?utm_medium=api&utm_source=e53715ce,2026-09-26T01:01:44Z
adzuna_5884640422,Supply Chain Coordinator (12 month contract),Pony Express Talent Delivery,"Melbourne, Melbourne Region",Supply Chain & Logistics,ANZSCO 133611 (Supply Chain Coordinator),Full-time,"$85,000 - $85,000 AUD",85000,85000,"Supply Chain Coordinator (12-month parental leave cover) Growth Bomb | South Yarra, Melbourne | $85,000 super Growth Bomb is an Australian hair care brand focused on scalp health | It was founded in 2021 and now has more than 25 products | You'll find it in Chemist Warehouse, Priceline, Woolworths, Coles and more than 1,500 independent pharmacies across Australia and New Zealand | It also sells in the US, UK, Europe, the UAE and Africa","Supply Chain Coordinator (12-month parental leave cover) Growth Bomb | South Yarra, Melbourne | $85,000 super Growth Bomb is an Australian hair care brand focused on scalp health. It was founded in 2021 and now has more than 25 products. You'll find it in Chemist Warehouse, Priceline, Woolworths, Coles and more than 1,500 independent pharmacies across Australia and New Zealand. It also sells in the US, UK, Europe, the UAE and Africa. Growth Bomb is looking for a Supply Chain Coordinator to cov…",SEEK / Indeed (via Adzuna AU),https://www.adzuna.com.au/details/5884640422?utm_medium=api&utm_source=e53715ce,2026-09-15T23:34:07Z
adzuna_5885608541,Sales Operations Manager,World Wide Technology,"Melbourne, Melbourne Region",Supply Chain & Logistics,ANZSCO 133611 (Supply Chain Coordinator),Full-time,Market Competitive (AUD),,,"WHY WWT? World Wide Technology (WWT) strives to make a new world happen | WWT's work benefits clients and partners as much as it does its people and community across the globe | Founded in 1990, WWT brings together strategy, deep technical expertise and world-class partnerships to help public and private sector organizations design, build and scale intelligent AI, digital, cybersecurity, cloud and infrastructure solutions | Through its Advanced Technology Center (ATC) - a collaborative ecosystem f…","WHY WWT? World Wide Technology (WWT) strives to make a new world happen. WWT's work benefits clients and partners as much as it does its people and community across the globe. Founded in 1990, WWT brings together strategy, deep technical expertise and world-class partnerships to help public and private sector organizations design, build and scale intelligent AI, digital, cybersecurity, cloud and infrastructure solutions. Through its Advanced Technology Center (ATC) - a collaborative ecosystem f…",SEEK / Indeed (via Adzuna AU),https://www.adzuna.com.au/land/ad/5885608541?se=MJlM2Z6_8RGJa_gG7CfP5w&utm_medium=api&utm_source=e53715ce&v=8996B59FA11BDB8F73CC1DC9E11740162AB91E8A,2026-09-16T14:12:06Z
adzuna_5889436373,Senior Portfolio Planner,Asahi,"Melbourne, Melbourne Region",Supply Chain & Logistics,ANZSCO 133611 (Supply Chain Coordinator),Full-time,Market Competitive (AUD),,,"Your Impact Join our Supply Chain team in Southbank, VIC and help deliver new products and portfolio changes across our Alcohol and Non-Alcohol businesses | As our Senior Portfolio Planner , you’ll represent Supply Chain Planning across a large portfolio of projects, taking ownership of the more complex initiatives | You’ll connect planning teams with cross-functional project teams, ensuring requirements, risks and timelines are clearly communicated and managed | You’ll also lead a small team of P…","Your Impact Join our Supply Chain team in Southbank, VIC and help deliver new products and portfolio changes across our Alcohol and Non-Alcohol businesses. As our Senior Portfolio Planner , you’ll represent Supply Chain Planning across a large portfolio of projects, taking ownership of the more complex initiatives. You’ll connect planning teams with cross-functional project teams, ensuring requirements, risks and timelines are clearly communicated and managed. You’ll also lead a small team of P…",SEEK / Indeed (via Adzuna AU),https://www.adzuna.com.au/details/5889436373?utm_medium=api&utm_source=e53715ce,2026-09-19T01:03:59Z
adzuna_5880803159,Project Manager - LLE/OFCI | Data Centre Projects,UGL Group,"Melbourne CBD, Melbourne",Supply Chain & Logistics,ANZSCO 133611 (Supply Chain Coordinator),Full-time,Market Competitive (AUD),,,"Deliver Australia's Next Generation of Digital Infrastructure with UGL Working within UGL's integrated delivery model alongside CPB Contractors, we are growing our Data Centre business and delivering some of Australia's most significant mission-critical infrastructure projects | As part of our expanding team, we are seeking an experienced Project Manager - LLE/OFCI to lead the planning, procurement, coordination and delivery of Long Lead Equipment (LLE) and Owner Furnished Contractor Installed (…","Deliver Australia's Next Generation of Digital Infrastructure with UGL Working within UGL's integrated delivery model alongside CPB Contractors, we are growing our Data Centre business and delivering some of Australia's most significant mission-critical infrastructure projects. As part of our expanding team, we are seeking an experienced Project Manager - LLE/OFCI to lead the planning, procurement, coordination and delivery of Long Lead Equipment (LLE) and Owner Furnished Contractor Installed (…",SEEK / Indeed (via Adzuna AU),https://www.adzuna.com.au/details/5880803159?utm_medium=api&utm_source=e53715ce,2026-09-12T19:09:47Z
adzuna_5883631594,Product Manager- Commercial,Jivaro,"Melbourne, Melbourne Region",Supply Chain & Logistics,ANZSCO 133611 (Supply Chain Coordinator),Full-time,Market Competitive (AUD),,175000,"About the Business An independently owned ANZ tyre wholesaler with a portfolio of globally recognised brands, servicing on-highway and off-highway markets across dealer, fleet, retail, commercial, agricultural, industrial, and recreational channels | The business is focused on becoming ANZ's most valuable tyre and mobility partner through strong brand portfolios, disciplined category management, and differentiated service | About the Role You'll translate commercial strategy into category plans, …","About the Business An independently owned ANZ tyre wholesaler with a portfolio of globally recognised brands, servicing on-highway and off-highway markets across dealer, fleet, retail, commercial, agricultural, industrial, and recreational channels. The business is focused on becoming ANZ's most valuable tyre and mobility partner through strong brand portfolios, disciplined category management, and differentiated service. About the Role You'll translate commercial strategy into category plans, …",SEEK / Indeed (via Adzuna AU),https://www.adzuna.com.au/details/5883631594?utm_medium=api&utm_source=e53715ce,2026-09-14T23:19:54Z
adzuna_5864122543,Warehouse Manager,Pace Appointments,"The Rocks, Sydney",Supply Chain & Logistics,ANZSCO 133612 (Procurement & Logistics Manager),Full-time,Market Competitive (AUD),,,"Our client is an established Australian business supplying a diverse range of technical products and solutions to customers and projects across Australia | With a varied product range spanning smaller technical components through to larger, bulky equipment, they are seeking an experienced and hands-on Warehouse Manager to take ownership of their Sydney warehouse operation | This is a practical leadership role for someone who enjoys being visible on the warehouse floor, developing people and drivi…","Our client is an established Australian business supplying a diverse range of technical products and solutions to customers and projects across Australia. With a varied product range spanning smaller technical components through to larger, bulky equipment, they are seeking an experienced and hands-on Warehouse Manager to take ownership of their Sydney warehouse operation. This is a practical leadership role for someone who enjoys being visible on the warehouse floor, developing people and drivi…",SEEK / Indeed (via Adzuna AU),https://www.adzuna.com.au/details/5864122543?utm_medium=api&utm_source=e53715ce,2026-09-01T18:39:58Z
adzuna_5905949495,Civil Engineer,Egis Group,"East Brisbane, Brisbane",Engineering & Construction,ANZSCO 233211 (Civil Engineer),Full-time,Market Competitive (AUD),,,"Job Description Join our Urban Development team as a Civil Engineer! In this opportunity, you will focus on delivering comprehensive design and documentation for land development and civil infrastructure projects | With a strong portfolio of award-winning projects in hand across South East QLD, our team continues to grow and we'd love for you to join us! You will be responsible for Deliver and manage Civil and Infrastructure designs within broad acre greenfield and brownfield redevelopment Desig…","Job Description Join our Urban Development team as a Civil Engineer! In this opportunity, you will focus on delivering comprehensive design and documentation for land development and civil infrastructure projects. With a strong portfolio of award-winning projects in hand across South East QLD, our team continues to grow and we'd love for you to join us! You will be responsible for Deliver and manage Civil and Infrastructure designs within broad acre greenfield and brownfield redevelopment Desig…",SEEK / Indeed (via Adzuna AU),https://www.adzuna.com.au/details/5905949495?utm_medium=api&utm_source=e53715ce,2026-10-02T02:28:13Z
adzuna_5909656089,Civil Engineer,Egis Group,"East Brisbane, Brisbane",Engineering & Construction,ANZSCO 233211 (Civil Engineer),Full-time,Market Competitive (AUD),,,"Company Description Egis is a leading global organisation in architecture, consulting, construction engineering, operations and mobility services | We partner with clients to design, deliver and operate smarter infrastructure and places that respond to the world’s evolving needs | With more than 22,000 employees worldwide, we combine global capability with strong local insight | Our multidisciplinary expertise enables us to deliver innovative, practical and sustainable solutions that help build mo…","Company Description Egis is a leading global organisation in architecture, consulting, construction engineering, operations and mobility services. We partner with clients to design, deliver and operate smarter infrastructure and places that respond to the world’s evolving needs. With more than 22,000 employees worldwide, we combine global capability with strong local insight. Our multidisciplinary expertise enables us to deliver innovative, practical and sustainable solutions that help build mo…",SEEK / Indeed (via Adzuna AU),https://www.adzuna.com.au/details/5909656089?utm_medium=api&utm_source=e53715ce,2026-10-03T17:48:23Z
adzuna_5882419942,Civil Engineer,Hatch,"Brisbane CBD, Brisbane",Engineering & Construction,ANZSCO 233211 (Civil Engineer),Full-time,Market Competitive (AUD),,,"Requisition ID: 100379 Job Category: Engineering Location: Brisbane, Queensland, Australia Join a company that is passionately committed to the pursuit of a better world through positive change | With more than 70 years of business and technical expertise in mining, energy, and infrastructure, our 10,000 colleagues in 150 countries tirelessly work toward bettering the industries in which we operate | With practical solutions that are safe, innovative and sustainable, we think globally while actin…","Requisition ID: 100379 Job Category: Engineering Location: Brisbane, Queensland, Australia Join a company that is passionately committed to the pursuit of a better world through positive change. With more than 70 years of business and technical expertise in mining, energy, and infrastructure, our 10,000 colleagues in 150 countries tirelessly work toward bettering the industries in which we operate. With practical solutions that are safe, innovative and sustainable, we think globally while actin…",SEEK / Indeed (via Adzuna AU),https://www.adzuna.com.au/details/5882419942?utm_medium=api&utm_source=e53715ce,2026-09-13T18:56:11Z
adzuna_5901203477,Civil Engineer,Hatch,"Brisbane, Brisbane Region",Engineering & Construction,ANZSCO 233211 (Civil Engineer),Full-time,Market Competitive (AUD),,,"Requisition ID: 100379 Job Category: Engineering Location: Brisbane, Queensland, Australia Join a company that is passionately committed to the pursuit of a better world through positive change | With more than 70 years of business and technical expertise in mining , energy , and infrastructure , our 10,000 colleagues in 150 countries tirelessly work toward bettering the industries in which we operate | With practical solutions that are safe, innovative and sustainable, we think globally while ac…","Requisition ID: 100379 Job Category: Engineering Location: Brisbane, Queensland, Australia Join a company that is passionately committed to the pursuit of a better world through positive change. With more than 70 years of business and technical expertise in mining , energy , and infrastructure , our 10,000 colleagues in 150 countries tirelessly work toward bettering the industries in which we operate. With practical solutions that are safe, innovative and sustainable, we think globally while ac…",SEEK / Indeed (via Adzuna AU),https://www.adzuna.com.au/details/5901203477?utm_medium=api&utm_source=e53715ce,2026-09-28T14:29:34Z
adzuna_5882710626,Civil Engineer,Hatch,"East Brisbane, Brisbane",Engineering & Construction,ANZSCO 233211 (Civil Engineer),Full-time,Market Competitive (AUD),,,"Requisition ID: 100379 Job Category: Engineering Location: Brisbane, Queensland, Australia Join a company that is passionately committed to the pursuit of a better world through positive change | With more than 70 years of business and technical expertise in mining , energy , and infrastructure , our 10,000 colleagues in 150 countries tirelessly work toward bettering the industries in which we operate | With practical solutions that are safe, innovative and sustainable, we think globally while ac…","Requisition ID: 100379 Job Category: Engineering Location: Brisbane, Queensland, Australia Join a company that is passionately committed to the pursuit of a better world through positive change. With more than 70 years of business and technical expertise in mining , energy , and infrastructure , our 10,000 colleagues in 150 countries tirelessly work toward bettering the industries in which we operate. With practical solutions that are safe, innovative and sustainable, we think globally while ac…",SEEK / Indeed (via Adzuna AU),https://www.adzuna.com.au/details/5882710626?utm_medium=api&utm_source=e53715ce,2026-09-14T01:24:17Z
adzuna_5893560639,Structural Engineer,WSP USA,"Perth, Perth Region",Engineering & Construction,ANZSCO 233214 (Structural Engineer),Full-time,Market Competitive (AUD),,,"Project Engineer, Structures What if you could do the kind of work the world needs? At WSP, you can access our global scale, contribute to landmark projects and connect with the brightest minds in your field to do the best work of your life | You can embrace your curiosity in a culture that celebrates new ideas and diverse perspectives | You can experience a world of opportunity and the chance to shape a career as unique as you | WSP Perth has a significant amount of Defence projects driving need …","Project Engineer, Structures What if you could do the kind of work the world needs? At WSP, you can access our global scale, contribute to landmark projects and connect with the brightest minds in your field to do the best work of your life. You can embrace your curiosity in a culture that celebrates new ideas and diverse perspectives. You can experience a world of opportunity and the chance to shape a career as unique as you. WSP Perth has a significant amount of Defence projects driving need …",SEEK / Indeed (via Adzuna AU),https://www.adzuna.com.au/land/ad/5893560639?se=tpn72p6_8RGN96JAzfykhw&utm_medium=api&utm_source=e53715ce&v=C417A6EE2B12F8FBD586D63819B08944ABB3D1ED,2026-09-22T14:03:43Z
adzuna_5804117694,Structural Engineer,Lycopodium,"Perth CBD, Perth",Engineering & Construction,ANZSCO 233214 (Structural Engineer),Full-time,Market Competitive (AUD),,,"With offices in Australia, Canada, USA, Southern Africa, Ghana, Philippines, Argentina and Peru, Lycopodium proudly delivers high quality professional engineering and project delivery services globally, across the resources, infrastructure and industrial processes sectors | By joining our global team and learning from renowned subject matter experts, we can offer you a diverse career that could take you anywhere in the world | Due to the Company’s current growth, we currently require experienced …","With offices in Australia, Canada, USA, Southern Africa, Ghana, Philippines, Argentina and Peru, Lycopodium proudly delivers high quality professional engineering and project delivery services globally, across the resources, infrastructure and industrial processes sectors. By joining our global team and learning from renowned subject matter experts, we can offer you a diverse career that could take you anywhere in the world. Due to the Company’s current growth, we currently require experienced …",SEEK / Indeed (via Adzuna AU),https://www.adzuna.com.au/details/5804117694?utm_medium=api&utm_source=e53715ce,2026-07-17T11:16:51Z
adzuna_5804074724,Structural Engineer,Lycopodium,"Perth CBD, Perth",Engineering & Construction,ANZSCO 233214 (Structural Engineer),Full-time,Market Competitive (AUD),,,"Global EPCM Company Diversity of projects and commodities Join our growing organisation With offices in Australia, Canada, USA, Southern Africa, Ghana, Philippines, Argentina and Peru, Lycopodium proudly delivers high quality professional engineering and project delivery services globally, across the resources, infrastructure and industrial processes sectors | By joining our global team and learning from renowned subject matter experts, we can offer you a diverse career that could take you anywh…","Global EPCM Company Diversity of projects and commodities Join our growing organisation With offices in Australia, Canada, USA, Southern Africa, Ghana, Philippines, Argentina and Peru, Lycopodium proudly delivers high quality professional engineering and project delivery services globally, across the resources, infrastructure and industrial processes sectors. By joining our global team and learning from renowned subject matter experts, we can offer you a diverse career that could take you anywh…",SEEK / Indeed (via Adzuna AU),https://www.adzuna.com.au/details/5804074724?utm_medium=api&utm_source=e53715ce,2026-07-17T11:06:52Z
adzuna_5882475967,Structural Engineer,Lycopodium,"Perth, Perth Region",Engineering & Construction,ANZSCO 233214 (Structural Engineer),Full-time,Market Competitive (AUD),,,"With offices in Australia, Canada, USA, Southern Africa, Ghana, Philippines, Argentina and Peru, Lycopodium proudly delivers high quality professional engineering and project delivery services globally, across the resources, infrastructure and industrial processes sectors | By joining our global team and learning from renowned subject matter experts, we can offer you a diverse career that could take you anywhere in the world | Due to the Company’s current growth, we currently require experienced …","With offices in Australia, Canada, USA, Southern Africa, Ghana, Philippines, Argentina and Peru, Lycopodium proudly delivers high quality professional engineering and project delivery services globally, across the resources, infrastructure and industrial processes sectors. By joining our global team and learning from renowned subject matter experts, we can offer you a diverse career that could take you anywhere in the world. Due to the Company’s current growth, we currently require experienced …",SEEK / Indeed (via Adzuna AU),https://www.adzuna.com.au/details/5882475967?utm_medium=api&utm_source=e53715ce,2026-09-13T20:12:40Z
adzuna_5861192831,Structural Engineer,WSP,"Perth CBD, Perth",Engineering & Construction,ANZSCO 233214 (Structural Engineer),Full-time,Market Competitive (AUD),,,"Description Project Engineer, Structures What if you could do the kind of work the world needs? At WSP, you can access our global scale, contribute to landmark projects and connect with the brightest minds in your field to do the best work of your life | You can embrace your curiosity in a culture that celebrates new ideas and diverse perspectives | You can experience a world of opportunity and the chance to shape a career as unique as you | WSP Perth has a significant amount of Defence projects d…","Description Project Engineer, Structures What if you could do the kind of work the world needs? At WSP, you can access our global scale, contribute to landmark projects and connect with the brightest minds in your field to do the best work of your life. You can embrace your curiosity in a culture that celebrates new ideas and diverse perspectives. You can experience a world of opportunity and the chance to shape a career as unique as you. WSP Perth has a significant amount of Defence projects d…",SEEK / Indeed (via Adzuna AU),https://www.adzuna.com.au/details/5861192831?utm_medium=api&utm_source=e53715ce,2026-08-30T00:48:32Z
adzuna_5859241606,Operations Coordinator,Solplanet,"The Rocks, Sydney",Operations & Administration,ANZSCO 511112 (Program / Operations Coordinator),Full-time,Market Competitive (AUD),,,"Our belief: At SOLPLANET, we are driven by a simple idea: solar for everybody We strive to create the best possible experience for distributors, installers and end users That´s why our solar inverters, energy storage systems and EV chargers are easy-to-install, reliable and user friendly Who We Are: Private equity-backed AISWEI is a leading provider of renewable energy solutions - providing the world with solar inverters, batteries, EV chargers, heat pumps, and energy management solutions AISWE…","Our belief: At SOLPLANET, we are driven by a simple idea: solar for everybody We strive to create the best possible experience for distributors, installers and end users That´s why our solar inverters, energy storage systems and EV chargers are easy-to-install, reliable and user friendly Who We Are: Private equity-backed AISWEI is a leading provider of renewable energy solutions - providing the world with solar inverters, batteries, EV chargers, heat pumps, and energy management solutions AISWE…",SEEK / Indeed (via Adzuna AU),https://www.adzuna.com.au/details/5859241606?utm_medium=api&utm_source=e53715ce,2026-08-28T13:58:32Z
adzuna_5874289638,Operations Coordinator,HAYS,"Sydney CBD, Sydney",Operations & Administration,ANZSCO 511112 (Program / Operations Coordinator),Full-time,Market Competitive (AUD),,,"Sydney, NSW | Full-Time | TSPV Required Your new company An exciting opportunity exists to join a specialist Defence capability supporting the planning, coordination and delivery of complex maritime and joint training activities | Working within a highly collaborative operational environment, you will engage with a broad range of stakeholders to support critical training outcomes across Australia and internationally | Based in Sydney, this role offers exposure to high-profile operational activiti…","Sydney, NSW | Full-Time | TSPV Required Your new company An exciting opportunity exists to join a specialist Defence capability supporting the planning, coordination and delivery of complex maritime and joint training activities. Working within a highly collaborative operational environment, you will engage with a broad range of stakeholders to support critical training outcomes across Australia and internationally. Based in Sydney, this role offers exposure to high-profile operational activiti…",SEEK / Indeed (via Adzuna AU),https://www.adzuna.com.au/details/5874289638?utm_medium=api&utm_source=e53715ce,2026-09-08T02:50:00Z
adzuna_5830569790,Operations Coordinator,Rwdi,"Elizabeth Bay, Sydney",Operations & Administration,ANZSCO 511112 (Program / Operations Coordinator),Full-time,"$77,600 - $97,000 AUD",77600,97000,"RWDI is a global leader in engineering consulting with a focus on environmental performance, including specialist services in acoustics, noise, vibration, air quality, and microclimate | Our Australian operations continue to grow across multiple service lines and cities, and we are looking to strengthen our local operations support team | About You We are seeking a reliable, organised, and proactive Operations Coordinator to join our Sydney office | This is a key role supporting business operation…","RWDI is a global leader in engineering consulting with a focus on environmental performance, including specialist services in acoustics, noise, vibration, air quality, and microclimate. Our Australian operations continue to grow across multiple service lines and cities, and we are looking to strengthen our local operations support team. About You We are seeking a reliable, organised, and proactive Operations Coordinator to join our Sydney office. This is a key role supporting business operation…",SEEK / Indeed (via Adzuna AU),https://www.adzuna.com.au/details/5830569790?utm_medium=api&utm_source=e53715ce,2026-08-07T00:42:22Z
adzuna_5887137257,Operations Coordinator,Rwdi,"Woolloomooloo, Sydney",Operations & Administration,ANZSCO 511112 (Program / Operations Coordinator),Full-time,Market Competitive (AUD),,,"RWDI is a global leader in engineering consulting with a focus on environmental performance, including specialist services in acoustics, noise, vibration, air quality, and microclimate | Our Australian operations continue to grow across multiple service lines and cities, and we are looking to strengthen our local operations support team | About You We are seeking a reliable, organised, and proactive Operations Coordinator to join our Sydney office | This is a key role supporting business operation…","RWDI is a global leader in engineering consulting with a focus on environmental performance, including specialist services in acoustics, noise, vibration, air quality, and microclimate. Our Australian operations continue to grow across multiple service lines and cities, and we are looking to strengthen our local operations support team. About You We are seeking a reliable, organised, and proactive Operations Coordinator to join our Sydney office. This is a key role supporting business operation…",SEEK / Indeed (via Adzuna AU),https://www.adzuna.com.au/details/5887137257?utm_medium=api&utm_source=e53715ce,2026-09-17T14:16:16Z
adzuna_5759585615,Operations Coordinator,Recruit Shop,"The Rocks, Sydney",Operations & Administration,ANZSCO 511112 (Program / Operations Coordinator),Full-time,Market Competitive (AUD),,,"On Target Earnings $100k | Base of 65k - 70k Super Comms Travel Join A Highly Respected Leader Within The Security Operations Industry Onsite Gym | Phone Laptop | Ongoing Training & Professional Development About The Company Our client is a leader in licensed venue, event, and corporate security staffing, specialising in risk management and tailored security strategies | They pride themselves on operational integrity and compliance excellence while fostering a high-performance culture that p…","On Target Earnings $100k | Base of 65k - 70k Super Comms Travel Join A Highly Respected Leader Within The Security Operations Industry Onsite Gym | Phone Laptop | Ongoing Training & Professional Development About The Company Our client is a leader in licensed venue, event, and corporate security staffing, specialising in risk management and tailored security strategies. They pride themselves on operational integrity and compliance excellence while fostering a high-performance culture that p…",SEEK / Indeed (via Adzuna AU),https://www.adzuna.com.au/details/5759585615?utm_medium=api&utm_source=e53715ce,2026-06-11T15:06:34Z
adzuna_5887730830,Technical Business Analyst - Store Operations & Supply Chain,Milestone IT,"Melbourne, Melbourne Region",Operations & Administration,ANZSCO 224711 (Management / Organisation Analyst),Full-time,"$234,000 - $234,000 AUD",234000,234000,"We are seeking an experienced Technical Business Analyst to support a major retail transformation involving store operations, stock movement, supply chain processes and system integrations | This role requires someone who understands how stock, transactions and operational data move throughout a retail environment, including between stores, distribution centres, customers and enterprise systems | You will work across business and technology teams to analyse current processes, define future-state …","We are seeking an experienced Technical Business Analyst to support a major retail transformation involving store operations, stock movement, supply chain processes and system integrations. This role requires someone who understands how stock, transactions and operational data move throughout a retail environment, including between stores, distribution centres, customers and enterprise systems. You will work across business and technology teams to analyse current processes, define future-state …",SEEK / Indeed (via Adzuna AU),https://www.adzuna.com.au/details/5887730830?utm_medium=api&utm_source=e53715ce,2026-09-17T23:50:35Z
adzuna_5898283428,Operations Analyst - Remote,YO AI Labs,"Melbourne, Melbourne Region",Operations & Administration,ANZSCO 224711 (Management / Organisation Analyst),Full-time,"$187,200 - $291,200 AUD",187200,291200,"Business Analyst / Researcher / Operations Specialist Role Type: Contractor Location: Remote micro1 is seeking Business Analysts, Researchers, and Operations Specialists to support a writing-focused customer project involving business analysis, research, and operational reasoning for AI training | No prior AI experience is required | Key Responsibilities Analyze business scenarios, decisions, and trade-offs | Conduct quantitative and qualitative research","Business Analyst / Researcher / Operations Specialist Role Type: Contractor Location: Remote micro1 is seeking Business Analysts, Researchers, and Operations Specialists to support a writing-focused customer project involving business analysis, research, and operational reasoning for AI training. No prior AI experience is required. Key Responsibilities Analyze business scenarios, decisions, and trade-offs. Conduct quantitative and qualitative research. Gather and synthesize requirements and sta…",SEEK / Indeed (via Adzuna AU),https://www.adzuna.com.au/details/5898283428?utm_medium=api&utm_source=e53715ce,2026-09-25T21:30:00Z
adzuna_5899651674,Operations Management Expert - Remote,YO AI Labs,"Melbourne, Melbourne Region",Operations & Administration,ANZSCO 224711 (Management / Organisation Analyst),Full-time,"$187,200 - $291,200 AUD",187200,291200,"Business Analyst / Researcher / Operations Specialist Role Type: Contractor Location: Remote micro1 is seeking Business Analysts, Researchers, and Operations Specialists to support a writing-focused customer project involving business analysis, research, and operational reasoning for AI training | No prior AI experience is required | Key Responsibilities Analyze business scenarios, decisions, and trade-offs | Conduct quantitative and qualitative research","Business Analyst / Researcher / Operations Specialist Role Type: Contractor Location: Remote micro1 is seeking Business Analysts, Researchers, and Operations Specialists to support a writing-focused customer project involving business analysis, research, and operational reasoning for AI training. No prior AI experience is required. Key Responsibilities Analyze business scenarios, decisions, and trade-offs. Conduct quantitative and qualitative research. Gather and synthesize requirements and sta…",SEEK / Indeed (via Adzuna AU),https://www.adzuna.com.au/details/5899651674?utm_medium=api&utm_source=e53715ce,2026-09-26T21:30:13Z
adzuna_5898283423,Market Research Expert - Remote,YO AI Labs,"Melbourne, Melbourne Region",Operations & Administration,ANZSCO 224711 (Management / Organisation Analyst),Full-time,"$187,200 - $291,200 AUD",187200,291200,"Business Analyst / Researcher / Operations Specialist Role Type: Contractor Location: Remote micro1 is seeking Business Analysts, Researchers, and Operations Specialists to support a writing-focused customer project involving business analysis, research, and operational reasoning for AI training | No prior AI experience is required | Key Responsibilities Analyze business scenarios, decisions, and trade-offs | Conduct quantitative and qualitative research","Business Analyst / Researcher / Operations Specialist Role Type: Contractor Location: Remote micro1 is seeking Business Analysts, Researchers, and Operations Specialists to support a writing-focused customer project involving business analysis, research, and operational reasoning for AI training. No prior AI experience is required. Key Responsibilities Analyze business scenarios, decisions, and trade-offs. Conduct quantitative and qualitative research. Gather and synthesize requirements and sta…",SEEK / Indeed (via Adzuna AU),https://www.adzuna.com.au/details/5898283423?utm_medium=api&utm_source=e53715ce,2026-09-25T21:30:00Z
adzuna_5898283426,Researcher - Remote,YO AI Labs,"Melbourne, Melbourne Region",Operations & Administration,ANZSCO 224711 (Management / Organisation Analyst),Full-time,"$187,200 - $291,200 AUD",187200,291200,"Business Analyst / Researcher / Operations Specialist Role Type: Contractor Location: Remote micro1 is seeking Business Analysts, Researchers, and Operations Specialists to support a writing-focused customer project involving business analysis, research, and operational reasoning for AI training | No prior AI experience is required | Key Responsibilities Analyze business scenarios, decisions, and trade-offs | Conduct quantitative and qualitative research","Business Analyst / Researcher / Operations Specialist Role Type: Contractor Location: Remote micro1 is seeking Business Analysts, Researchers, and Operations Specialists to support a writing-focused customer project involving business analysis, research, and operational reasoning for AI training. No prior AI experience is required. Key Responsibilities Analyze business scenarios, decisions, and trade-offs. Conduct quantitative and qualitative research. Gather and synthesize requirements and sta…",SEEK / Indeed (via Adzuna AU),https://www.adzuna.com.au/details/5898283426?utm_medium=api&utm_source=e53715ce,2026-09-25T21:30:00Z
adzuna_5884640535,Data Engineer,Novon,"Sydney, Sydney Region",Technology & Data,ANZSCO 261313 (Data Engineer),Full-time,"$160,000 - $160,000 AUD",160000,160000,"Data Engineer Permanent Opportunities | Sydney | Hybrid · Join Novon, a specialist Data and Engineering consulting company | · Work with Databricks, Snowflake, dbt, Airflow, Spark and Kafka | · Become part of a connected and specialised Data and Engineering community | About Novon Novon is a specialist Data and Engineering consulting company with more than 10 years of experience delivering successful data outcomes for major Australian organisations","Data Engineer Permanent Opportunities | Sydney | Hybrid · Join Novon, a specialist Data and Engineering consulting company. · Work with Databricks, Snowflake, dbt, Airflow, Spark and Kafka. · Become part of a connected and specialised Data and Engineering community. About Novon Novon is a specialist Data and Engineering consulting company with more than 10 years of experience delivering successful data outcomes for major Australian organisations. As our Data Practice continues to grow, we are l…",SEEK / Indeed (via Adzuna AU),https://www.adzuna.com.au/details/5884640535?utm_medium=api&utm_source=e53715ce,2026-09-15T23:34:29Z
adzuna_5885137547,Data Engineer,OFX,"Sydney, Sydney Region",Technology & Data,ANZSCO 261313 (Data Engineer),Full-time,Market Competitive (AUD),,,"Job Description Hi | We’re OFX, a leading financial operations company providing businesses and accounting firms with real-time financial control and visibility to do business anywhere in the world | With an innovative platform and 24/7 human support, OFX automates and simplifies doing business across borders, reducing risk and eliminating routine operational tasks | Offering global business accounts, payments to 180 countries in 30 currencies and currency risk management solutions to simplify glo…","Job Description Hi. We’re OFX, a leading financial operations company providing businesses and accounting firms with real-time financial control and visibility to do business anywhere in the world. With an innovative platform and 24/7 human support, OFX automates and simplifies doing business across borders, reducing risk and eliminating routine operational tasks. Offering global business accounts, payments to 180 countries in 30 currencies and currency risk management solutions to simplify glo…",SEEK / Indeed (via Adzuna AU),https://www.adzuna.com.au/details/5885137547?utm_medium=api&utm_source=e53715ce,2026-09-16T06:51:55Z
adzuna_5795160282,Data Engineer,Decision Inc,"Sydney, Sydney Region",Technology & Data,ANZSCO 261313 (Data Engineer),Full-time,Market Competitive (AUD),,,"Who We Need – Data Engineer Decision Inc Australia is currently looking for an experienced Data Engineer to join our growing team | You will be exposed to a wide range of clients, so the ability to quickly understand new business environments is essential | What do we look for in our people? At Decision Inc | , we look for people who want to fulfil their passion for changing the world with technology and data","Who We Need – Data Engineer Decision Inc Australia is currently looking for an experienced Data Engineer to join our growing team. You will be exposed to a wide range of clients, so the ability to quickly understand new business environments is essential. What do we look for in our people? At Decision Inc., we look for people who want to fulfil their passion for changing the world with technology and data. No two days are the same. You will be challenged and pushed whilst being nurtured and sup…",SEEK / Indeed (via Adzuna AU),https://www.adzuna.com.au/details/5795160282?utm_medium=api&utm_source=e53715ce,2026-07-10T16:35:05Z
adzuna_5904075483,Data Engineer,TAL,"Sydney, Sydney Region",Technology & Data,ANZSCO 261313 (Data Engineer),Full-time,Market Competitive (AUD),,,"Job Description As part of the Actuarial Systems team, this role is responsible for developing, testing, and supporting data solutions that enable actuarial modelling, reporting, and downstream business processes | Working across Microsoft SQL Server and Azure platforms, you will design and build production-ready data integration solutions, develop reconciliation and validation reporting, maintain database environments, and provide operational support for critical production processes","Job Description As part of the Actuarial Systems team, this role is responsible for developing, testing, and supporting data solutions that enable actuarial modelling, reporting, and downstream business processes. Working across Microsoft SQL Server and Azure platforms, you will design and build production-ready data integration solutions, develop reconciliation and validation reporting, maintain database environments, and provide operational support for critical production processes. This posi…",SEEK / Indeed (via Adzuna AU),https://www.adzuna.com.au/details/5904075483?utm_medium=api&utm_source=e53715ce,2026-10-01T02:20:24Z
adzuna_5885401397,Data Engineer,Talent Insights,"The Rocks, Sydney",Technology & Data,ANZSCO 261313 (Data Engineer),Full-time,Market Competitive (AUD),,,"Hyrbrid flexi work in Sydney Work with an elite team of Data Engineers Work across a modern GCP tech stack Data Engineer (Bigquery / SQL ) Sydney / Hybrid $700-800 a day including super DOE We’re looking for a Data Engineer to join a high-performing data team on an initial 6-month contract , helping build and optimise the data foundations that power reporting, BI and analytics for a range of commercial partners | This is a hands-on role focused on BigQuery, SQL and performance optimisation","Hyrbrid flexi work in Sydney Work with an elite team of Data Engineers Work across a modern GCP tech stack Data Engineer (Bigquery / SQL ) Sydney / Hybrid $700-800 a day including super DOE We’re looking for a Data Engineer to join a high-performing data team on an initial 6-month contract , helping build and optimise the data foundations that power reporting, BI and analytics for a range of commercial partners. This is a hands-on role focused on BigQuery, SQL and performance optimisation . You…",SEEK / Indeed (via Adzuna AU),https://www.adzuna.com.au/details/5885401397?utm_medium=api&utm_source=e53715ce,2026-09-16T10:58:09Z
adzuna_5831922465,Software Developer,New World Management,"Melbourne, Melbourne Region",Technology & Data,ANZSCO 261312 (Developer Programmer),Full-time,Market Competitive (AUD),,,"Software Developer (Node | js / Full Stack) About the Company Our client is a global technology, consulting, and engineering partner supporting the energy, utilities, and infrastructure sectors | They work across large-scale transformation and digital initiatives—helping organisations modernise systems, optimise performance, and deliver smarter, more resilient infrastructure | About the Role We're seeking a Software Developer to join a high-performing engineering team delivering scalable, cloud-bas…","Software Developer (Node.js / Full Stack) About the Company Our client is a global technology, consulting, and engineering partner supporting the energy, utilities, and infrastructure sectors. They work across large-scale transformation and digital initiatives—helping organisations modernise systems, optimise performance, and deliver smarter, more resilient infrastructure. About the Role We're seeking a Software Developer to join a high-performing engineering team delivering scalable, cloud-bas…",SEEK / Indeed (via Adzuna AU),https://www.adzuna.com.au/details/5831922465?utm_medium=api&utm_source=e53715ce,2026-08-07T21:16:12Z
adzuna_5904359794,Software Developer,Victorian Government,"Melbourne CBD, Melbourne",Technology & Data,ANZSCO 261312 (Developer Programmer),Full-time,Market Competitive (AUD),,,"About the Department The role of the Department of Education is to support Victorians to build prosperous, socially engaged, happy and healthy lives | It does this by supporting lifelong learning and healthy development, strengthening families and helping to equip people with the skills and knowledge for a 21st century economy and society | About the Division The Information Management and Technology Division guides the Departments' digital capability and is leading digital transformation for the…","About the Department The role of the Department of Education is to support Victorians to build prosperous, socially engaged, happy and healthy lives. It does this by supporting lifelong learning and healthy development, strengthening families and helping to equip people with the skills and knowledge for a 21st century economy and society. About the Division The Information Management and Technology Division guides the Departments' digital capability and is leading digital transformation for the…",SEEK / Indeed (via Adzuna AU),https://www.adzuna.com.au/details/5904359794?utm_medium=api&utm_source=e53715ce,2026-10-01T10:35:59Z
adzuna_5887730591,Software Developer Intern,Study and Work,"Southbank, Melbourne",Technology & Data,ANZSCO 261312 (Developer Programmer),Full-time,Market Competitive (AUD),,,"ABOUT THE HOST COMPANY: Our Host Company believes in investing in fresh talent and nurturing them for growth and career success | ABOUT POSITION : We’re looking for a Software Developer Intern | Our host company offers meaningful work experience, strong supervision, supportive work environment, and is planning to offer ongoing employment for the suitable candidate | ABOUT YOU: You must: be studying a relevant degree qualification or a recent graduate","ABOUT THE HOST COMPANY: Our Host Company believes in investing in fresh talent and nurturing them for growth and career success. ABOUT POSITION : We’re looking for a Software Developer Intern. Our host company offers meaningful work experience, strong supervision, supportive work environment, and is planning to offer ongoing employment for the suitable candidate. ABOUT YOU: You must: be studying a relevant degree qualification or a recent graduate. have excellent communication skills, both writ…",SEEK / Indeed (via Adzuna AU),https://www.adzuna.com.au/details/5887730591?utm_medium=api&utm_source=e53715ce,2026-09-17T23:50:10Z
adzuna_5877049050,Senior Software Developer,Kindtide,"Melbourne, Melbourne Region",Technology & Data,ANZSCO 261312 (Developer Programmer),Full-time,Market Competitive (AUD),,,"Melbourne CBD Hybrid, approximately 3 days in office | Full-time $140,000 to $160,000 Superannuation employee share options If you like your engineering roles neatly carved into tiny tickets with very little context around why the work matters, this probably isn't the one | Our client is a growing SaaS company building software used by boards, directors and executive teams across some of the world's leading organisations | They're looking for a Senior Software Engineer who can do more than simp…","Melbourne CBD Hybrid, approximately 3 days in office | Full-time $140,000 to $160,000 Superannuation employee share options If you like your engineering roles neatly carved into tiny tickets with very little context around why the work matters, this probably isn't the one. Our client is a growing SaaS company building software used by boards, directors and executive teams across some of the world's leading organisations. They're looking for a Senior Software Engineer who can do more than simp…",SEEK / Indeed (via Adzuna AU),https://www.adzuna.com.au/details/5877049050?utm_medium=api&utm_source=e53715ce,2026-09-09T21:44:12Z
adzuna_5759259110,Senior Software Developer,HammerTech,"Melbourne CBD, Melbourne",Technology & Data,ANZSCO 261312 (Developer Programmer),Full-time,Market Competitive (AUD),,,"Full-time | Hybrid 2 days/week in our Melbourne CBD office | Who is HammerTech? As construction’s most trusted safety intelligence platform, HammerTech has a team focus where we build safer, smarter, better – together | Our workforce is committed to individual and team empowerment so that our innovative approach is sustained, the growth in our capability is continuous and we excel in enhancing safety within the construction industry | Built for construction, HammerTech’s Safety Intelligence softwa…","Full-time | Hybrid 2 days/week in our Melbourne CBD office. Who is HammerTech? As construction’s most trusted safety intelligence platform, HammerTech has a team focus where we build safer, smarter, better – together. Our workforce is committed to individual and team empowerment so that our innovative approach is sustained, the growth in our capability is continuous and we excel in enhancing safety within the construction industry. Built for construction, HammerTech’s Safety Intelligence softwa…",SEEK / Indeed (via Adzuna AU),https://www.adzuna.com.au/details/5759259110?utm_medium=api&utm_source=e53715ce,2026-06-11T10:49:28Z
adzuna_5877174516,Assistant Manager- Front Office,PULLMAN,"Darlinghurst, Sydney",Hospitality & Service,ANZSCO 141999 (Accommodations & Hospitality Manager),Full-time,Market Competitive (AUD),,,Job Description Your responsibilities will include: Assist and oversee the day-to-day operations of the Front Office team | Supervise and monitor team members with true leadership ability that motivates the entire team | Ensure the smooth and efficient running of the Hotel's operation in absence of Senior Management with a high level of customer service provided at all times | Actively resolve complaints and challenges presented by guests/customers to reach a win-win situation,Job Description Your responsibilities will include: Assist and oversee the day-to-day operations of the Front Office team. Supervise and monitor team members with true leadership ability that motivates the entire team. Ensure the smooth and efficient running of the Hotel's operation in absence of Senior Management with a high level of customer service provided at all times. Actively resolve complaints and challenges presented by guests/customers to reach a win-win situation. Process and assist …,SEEK / Indeed (via Adzuna AU),https://www.adzuna.com.au/details/5877174516?utm_medium=api&utm_source=e53715ce,2026-09-10T00:41:40Z
adzuna_5903359258,"Director, Transaction Services | Hotels",Colliers,"Sydney, Sydney Region",Hospitality & Service,ANZSCO 141999 (Accommodations & Hospitality Manager),Full-time,Market Competitive (AUD),,,"Company Description At Colliers, we are enterprising | What sets us apart is not what we do, but how we do it | Our people are passionate, take personal responsibility and always do what’s right for our clients, people and communities | We accelerate their success by empowering them to think and act differently to drive exceptional results","Company Description At Colliers, we are enterprising. What sets us apart is not what we do, but how we do it. Our people are passionate, take personal responsibility and always do what’s right for our clients, people and communities. We accelerate their success by empowering them to think and act differently to drive exceptional results. Job Description We are seeking an ambitious, commercially minded property professional to help drive growth in one of Australia's most dynamic and active inves…",SEEK / Indeed (via Adzuna AU),https://www.adzuna.com.au/details/5903359258?utm_medium=api&utm_source=e53715ce,2026-09-30T12:49:07Z
adzuna_5879760866,Wedding & Leisure Sales Manager - Iconic Waterfront Venue,The Monday Group,"Sydney, Sydney Region",Hospitality & Service,ANZSCO 141999 (Accommodations & Hospitality Manager),Full-time,"$85,000 - $90,000 AUD",85000,90000,"The Role This is a newly available opportunity for an experienced event sales professional to lead the wedding and leisure sales function one of Sydney's most sought after event venues | Reporting to the Senior Sales Manager, you’ll take ownership of the enquiry to booking journey, building genuine relationships with couples while managing your own coordinator to ensure a seamless handover from sale through to event delivery | This role is approximately 80% sales focused and 20% coordination, wit…","The Role This is a newly available opportunity for an experienced event sales professional to lead the wedding and leisure sales function one of Sydney's most sought after event venues. Reporting to the Senior Sales Manager, you’ll take ownership of the enquiry to booking journey, building genuine relationships with couples while managing your own coordinator to ensure a seamless handover from sale through to event delivery. This role is approximately 80% sales focused and 20% coordination, wit…",SEEK / Indeed (via Adzuna AU),https://www.adzuna.com.au/details/5879760866?utm_medium=api&utm_source=e53715ce,2026-09-11T23:21:38Z
adzuna_5880597559,Assistant Manager- Front Office,Accor,"Darlinghurst, Sydney",Hospitality & Service,ANZSCO 141999 (Accommodations & Hospitality Manager),Full-time,Market Competitive (AUD),,,"Company Description Work Your Way to Pullman Sydney Hyde Park! Our 241 room, Premium Hotel is located next to the beautiful Hyde Park and on the doorstep of some of Sydney's most vibrant restaurants, bars, shopping and entertainment venues | We welcome a diverse range of guests every day with a mix of both corporate & leisure as well as hosting and taking part in an array of events, including the incredible (and colourful) Mardi Gras | Job Description Your responsibilities will include: Assist an…","Company Description Work Your Way to Pullman Sydney Hyde Park! Our 241 room, Premium Hotel is located next to the beautiful Hyde Park and on the doorstep of some of Sydney's most vibrant restaurants, bars, shopping and entertainment venues. We welcome a diverse range of guests every day with a mix of both corporate & leisure as well as hosting and taking part in an array of events, including the incredible (and colourful) Mardi Gras. Job Description Your responsibilities will include: Assist an…",SEEK / Indeed (via Adzuna AU),https://www.adzuna.com.au/details/5880597559?utm_medium=api&utm_source=e53715ce,2026-09-12T14:07:50Z
adzuna_5650839243,Business Development Manager - Hotel Assets,MadeComfy,"The Rocks, Sydney",Hospitality & Service,ANZSCO 141999 (Accommodations & Hospitality Manager),Full-time,Market Competitive (AUD),,,"About PRISM - MadeComfy We are a passionate and diverse team with a mission to build the world’s most loved accommodation and hospitality business | MadeComfy was recently acquired by global hospitality platform PRISM and is actively growing its hotel and serviced apartment footprint in the ANZ region | Our Culture At MadeComfy, culture is at the heart of everything we do | Our four values - Trust, Agility, Empowerment, and Wow guide how we work, grow, and deliver for our partners and guests","About PRISM - MadeComfy We are a passionate and diverse team with a mission to build the world’s most loved accommodation and hospitality business. MadeComfy was recently acquired by global hospitality platform PRISM and is actively growing its hotel and serviced apartment footprint in the ANZ region. Our Culture At MadeComfy, culture is at the heart of everything we do. Our four values - Trust, Agility, Empowerment, and Wow guide how we work, grow, and deliver for our partners and guests. Our …",SEEK / Indeed (via Adzuna AU),https://www.adzuna.com.au/details/5650839243?utm_medium=api&utm_source=e53715ce,2026-03-02T14:45:26Z
